{"cameraMode":{"drawMode":0,"name":"Shaded","section":"Shading Mode"},"sceneLighting":true,"audioPlay":false,"sceneViewState":{"showFog":true,"showMaterialUpdate":false,"showSkybox":true,"showFlares":true,"showImageEffects":true,"showParticleSystems":true},"in2DMode":false,"pivot":{"x":-7.304448127746582,"y":-38.173240661621097,"z":-49.96229553222656},"rotation":{"x":-0.435250848531723,"y":-0.012181623838841915,"z":0.005889025051146746,"w":-0.9003267884254456},"size":27.55264663696289,"orthographic":false}